Workbook

Sheet Inventario
A1: id | B1: name | C1: price | D1: image | E1: description | F1: category | G1: inStock | H1: discount_mode | I1: discount_rate | J1: discount_label | K1: price_discounted
A2: 1 | B2: Anillo ajustable con perla - Modelo 1 | C2: 50 | D2: 1.jpg | E2: Anillo ajustable con perla natural y acabado dorado. | F2: Anillos | G2: 5 | H2: =Configuracion!$B$2 -> ON | I2: =Configuracion!$B$3 -> 0.15 | J2: =IF(UPPER(Configuracion!$B$2)="ON",Configuracion!$B$4,"") -> follow+like+comenta=15% | K2: =IF(UPPER(Configuracion!$B$2)="ON",ROUND(C2*(1-Configuracion!$B$3),0),ROUND(C2,0)) -> 43
A3: 2 | B3: Anillo ajustable con perla - Modelo 2 | C3: 50 | D3: 2.jpg | E3: Anillo ajustable con perla natural y acabado dorado. | F3: Anillos | G3: 5 | H3: =Configuracion!$B$2 -> ON | I3: =Configuracion!$B$3 -> 0.15 | J3: =IF(UPPER(Configuracion!$B$2)="ON",Configuracion!$B$4,"") -> follow+like+comenta=15% | K3: =IF(UPPER(Configuracion!$B$2)="ON",ROUND(C3*(1-Configuracion!$B$3),0),ROUND(C3,0)) -> 43
A4: 3 | B4: Anillo ajustable con perla - Modelo 3 | C4: 55 | D4: 3.jpg | E4: Anillo ajustable con perla natural y acabado dorado. | F4: Anillos | G4: 5 | H4: =Configuracion!$B$2 -> ON | I4: =Configuracion!$B$3 -> 0.15 | J4: =IF(UPPER(Configuracion!$B$2)="ON",Configuracion!$B$4,"") -> follow+like+comenta=15% | K4: =IF(UPPER(Configuracion!$B$2)="ON",ROUND(C4*(1-Configuracion!$B$3),0),ROUND(C4,0)) -> 47
A5: 4 | B5: Anillo ajustable con perla - Modelo 4 | C5: 55 | D5: 4.jpg | E5: Anillo ajustable con perla natural y acabado dorado. | F5: Anillos | G5: 5 | H5: =Configuracion!$B$2 -> ON | I5: =Configuracion!$B$3 -> 0.15 | J5: =IF(UPPER(Configuracion!$B$2)="ON",Configuracion!$B$4,"") -> follow+like+comenta=15% | K5: =IF(UPPER(Configuracion!$B$2)="ON",ROUND(C5*(1-Configuracion!$B$3),0),ROUND(C5,0)) -> 47
A6: 5 | B6: Anillo ajustable con perla - Modelo 5 | C6: 50 | D6: 5.jpg | E6: Anillo ajustable con perla natural y acabado dorado. | F6: Anillos | G6: 5 | H6: =Configuracion!$B$2 -> ON | I6: =Configuracion!$B$3 -> 0.15 | J6: =IF(UPPER(Configuracion!$B$2)="ON",Configuracion!$B$4,"") -> follow+like+comenta=15% | K6: =IF(UPPER(Configuracion!$B$2)="ON",ROUND(C6*(1-Configuracion!$B$3),0),ROUND(C6,0)) -> 43
A7: 6 | B7: Anillo ajustable con perla - Modelo 6 | C7: 40 | D7: 6.jpg | E7: Anillo ajustable con perla natural y acabado dorado. | F7: Anillos | G7: 5 | H7: =Configuracion!$B$2 -> ON | I7: =Configuracion!$B$3 -> 0.15 | J7: =IF(UPPER(Configuracion!$B$2)="ON",Configuracion!$B$4,"") -> follow+like+comenta=15% | K7: =IF(UPPER(Configuracion!$B$2)="ON",ROUND(C7*(1-Configuracion!$B$3),0),ROUND(C7,0)) -> 34
A8: 7 | B8: Anillo ajustable con perla - Modelo 7 | C8: 50 | D8: 7.jpg | E8: Anillo ajustable con perla natural y acabado dorado. | F8: Anillos | G8: 5 | H8: =Configuracion!$B$2 -> ON | I8: =Configuracion!$B$3 -> 0.15 | J8: =IF(UPPER(Configuracion!$B$2)="ON",Configuracion!$B$4,"") -> follow+like+comenta=15% | K8: =IF(UPPER(Configuracion!$B$2)="ON",ROUND(C8*(1-Configuracion!$B$3),0),ROUND(C8,0)) -> 43
A9: 8 | B9: Anillo ajustable con perla - Modelo 8 | C9: 40 | D9: 8.jpg | E9: Anillo ajustable con perla natural y acabado dorado. | F9: Anillos | G9: 5 | H9: =Configuracion!$B$2 -> ON | I9: =Configuracion!$B$3 -> 0.15 | J9: =IF(UPPER(Configuracion!$B$2)="ON",Configuracion!$B$4,"") -> follow+like+comenta=15% | K9: =IF(UPPER(Configuracion!$B$2)="ON",ROUND(C9*(1-Configuracion!$B$3),0),ROUND(C9,0)) -> 34
A10: 9 | B10: Anillo ajustable con perla - Modelo 9 | C10: 55 | D10: 9.jpg | E10: Anillo ajustable con perla natural y acabado dorado. | F10: Anillos | G10: 5 | H10: =Configuracion!$B$2 -> ON | I10: =Configuracion!$B$3 -> 0.15 | J10: =IF(UPPER(Configuracion!$B$2)="ON",Configuracion!$B$4,"") -> follow+like+comenta=15% | K10: =IF(UPPER(Configuracion!$B$2)="ON",ROUND(C10*(1-Configuracion!$B$3),0),ROUND(C10,0)) -> 47
A11: 10 | B11: Anillo ajustable con perla - Modelo 10 | C11: 50 | D11: 10.jpg | E11: Anillo ajustable con perla natural y acabado dorado. | F11: Anillos | G11: 5 | H11: =Configuracion!$B$2 -> ON | I11: =Configuracion!$B$3 -> 0.15 | J11: =IF(UPPER(Configuracion!$B$2)="ON",Configuracion!$B$4,"") -> follow+like+comenta=15% | K11: =IF(UPPER(Configuracion!$B$2)="ON",ROUND(C11*(1-Configuracion!$B$3),0),ROUND(C11,0)) -> 43
A12: 11 | B12: Anillo ajustable con perla - Modelo 11 | C12: 50 | D12: 11.jpg | E12: Anillo ajustable con perla natural y acabado dorado. | F12: Anillos | G12: 5 | H12: =Configuracion!$B$2 -> ON | I12: =Configuracion!$B$3 -> 0.15 | J12: =IF(UPPER(Configuracion!$B$2)="ON",Configuracion!$B$4,"") -> follow+like+comenta=15% | K12: =IF(UPPER(Configuracion!$B$2)="ON",ROUND(C12*(1-Configuracion!$B$3),0),ROUND(C12,0)) -> 43
A13: 12 | B13: Anillo ajustable con perla - Modelo 12 | C13: 50 | D13: 12.jpg | E13: Anillo ajustable con perla natural y acabado dorado. | F13: Anillos | G13: 5 | H13: =Configuracion!$B$2 -> ON | I13: =Configuracion!$B$3 -> 0.15 | J13: =IF(UPPER(Configuracion!$B$2)="ON",Configuracion!$B$4,"") -> follow+like+comenta=15% | K13: =IF(UPPER(Configuracion!$B$2)="ON",ROUND(C13*(1-Configuracion!$B$3),0),ROUND(C13,0)) -> 43
... A345: 344 | B345: Vaso Tea Princess negro 500 ml | C345: 75 | D345: 344.jpg | E345: Vaso de 500 ml en acero inoxidable 316, color negro. | F345: Otros | G345: 10 | H345: =Configuracion!$B$2 -> ON | I345: =Configuracion!$B$3 -> 0.15 | J345: =IF(UPPER(Configuracion!$B$2)="ON",Configuracion!$B$4,"") -> follow+like+comenta=15% | K345: =IF(UPPER(Configuracion!$B$2)="ON",ROUND(C345*(1-Configuracion!$B$3),0),ROUND(C345,0)) -> 64

Sheet Configuracion
A1: Variable | B1: Valor | C1: Notas
A2: discount_mode | B2: ON | C2: Usa ON u OFF para activar o apagar el descuento global.
A3: discount_rate | B3: 0.15 | C3: Porcentaje global aplicado a todo el catálogo.
A4: discount_label | B4: follow+like+comenta=15% | C4: Texto promocional mostrado en la web.

Sheet Otros
A1: id | B1: name | C1: price | D1: image | E1: description | F1: category | G1: inStock | H1: discount_mode | I1: discount_rate | J1: discount_label | K1: price_discounted
A2: 311 | B2: Licuadora portátil 1300 ml azul | C2: 100 | E2: Licuadora portátil de 1300 ml con cuchilla de 38 hojas, color azul. | F2: Otros | G2: 40 | H2: =Configuracion!$B$2 -> ON | I2: =Configuracion!$B$3 -> 0.15 | J2: =IF(UPPER(Configuracion!$B$2)="ON",Configuracion!$B$4,"") -> follow+like+comenta=15% | K2: =IF(UPPER(Configuracion!$B$2)="ON",ROUND(C2*(1-Configuracion!$B$3),0),ROUND(C2,0)) -> 85
A3: 312 | B3: Licuadora portátil 1300 ml blanca | C3: 100 | E3: Licuadora portátil de 1300 ml con cuchilla de 38 hojas, color blanco. | F3: Otros | G3: 40 | H3: =Configuracion!$B$2 -> ON | I3: =Configuracion!$B$3 -> 0.15 | J3: =IF(UPPER(Configuracion!$B$2)="ON",Configuracion!$B$4,"") -> follow+like+comenta=15% | K3: =IF(UPPER(Configuracion!$B$2)="ON",ROUND(C3*(1-Configuracion!$B$3),0),ROUND(C3,0)) -> 85
A4: 313 | B4: Vaso térmico jardín rosa blanca 500 ml | C4: 100 | E4: Vaso térmico de 500 ml con diseño jardín rosa blanca. | F4: Otros | G4: 10 | H4: =Configuracion!$B$2 -> ON | I4: =Configuracion!$B$3 -> 0.15 | J4: =IF(UPPER(Configuracion!$B$2)="ON",Configuracion!$B$4,"") -> follow+like+comenta=15% | K4: =IF(UPPER(Configuracion!$B$2)="ON",ROUND(C4*(1-Configuracion!$B$3),0),ROUND(C4,0)) -> 85
A5: 314 | B5: Vaso térmico jardín girasol 500 ml | C5: 100 | E5: Vaso térmico de 500 ml con diseño jardín girasol. | F5: Otros | G5: 10 | H5: =Configuracion!$B$2 -> ON | I5: =Configuracion!$B$3 -> 0.15 | J5: =IF(UPPER(Configuracion!$B$2)="ON",Configuracion!$B$4,"") -> follow+like+comenta=15% | K5: =IF(UPPER(Configuracion!$B$2)="ON",ROUND(C5*(1-Configuracion!$B$3),0),ROUND(C5,0)) -> 85
A6: 315 | B6: Vaso térmico jardín adelfa 500 ml | C6: 100 | E6: Vaso térmico de 500 ml con diseño jardín adelfa. | F6: Otros | G6: 10 | H6: =Configuracion!$B$2 -> ON | I6: =Configuracion!$B$3 -> 0.15 | J6: =IF(UPPER(Configuracion!$B$2)="ON",Configuracion!$B$4,"") -> follow+like+comenta=15% | K6: =IF(UPPER(Configuracion!$B$2)="ON",ROUND(C6*(1-Configuracion!$B$3),0),ROUND(C6,0)) -> 85
A7: 316 | B7: Vaso térmico jardín lirio 500 ml | C7: 100 | E7: Vaso térmico de 500 ml con diseño jardín lirio. | F7: Otros | G7: 10 | H7: =Configuracion!$B$2 -> ON | I7: =Configuracion!$B$3 -> 0.15 | J7: =IF(UPPER(Configuracion!$B$2)="ON",Configuracion!$B$4,"") -> follow+like+comenta=15% | K7: =IF(UPPER(Configuracion!$B$2)="ON",ROUND(C7*(1-Configuracion!$B$3),0),ROUND(C7,0)) -> 85
A8: 317 | B8: Termo 420 ml blanco marfil | C8: 100 | E8: Termo de 420 ml en color blanco marfil. | F8: Otros | G8: 10 | H8: =Configuracion!$B$2 -> ON | I8: =Configuracion!$B$3 -> 0.15 | J8: =IF(UPPER(Configuracion!$B$2)="ON",Configuracion!$B$4,"") -> follow+like+comenta=15% | K8: =IF(UPPER(Configuracion!$B$2)="ON",ROUND(C8*(1-Configuracion!$B$3),0),ROUND(C8,0)) -> 85
A9: 318 | B9: Termo 420 ml rosa | C9: 100 | E9: Termo de 420 ml en color rosa. | F9: Otros | G9: 10 | H9: =Configuracion!$B$2 -> ON | I9: =Configuracion!$B$3 -> 0.15 | J9: =IF(UPPER(Configuracion!$B$2)="ON",Configuracion!$B$4,"") -> follow+like+comenta=15% | K9: =IF(UPPER(Configuracion!$B$2)="ON",ROUND(C9*(1-Configuracion!$B$3),0),ROUND(C9,0)) -> 85
A10: 319 | B10: Termo 420 ml durazno | C10: 100 | E10: Termo de 420 ml en color durazno. | F10: Otros | G10: 10 | H10: =Configuracion!$B$2 -> ON | I10: =Configuracion!$B$3 -> 0.15 | J10: =IF(UPPER(Configuracion!$B$2)="ON",Configuracion!$B$4,"") -> follow+like+comenta=15% | K10: =IF(UPPER(Configuracion!$B$2)="ON",ROUND(C10*(1-Configuracion!$B$3),0),ROUND(C10,0)) -> 85
A11: 320 | B11: Termo 420 ml negro | C11: 100 | E11: Termo de 420 ml en color negro. | F11: Otros | G11: 5 | H11: =Configuracion!$B$2 -> ON | I11: =Configuracion!$B$3 -> 0.15 | J11: =IF(UPPER(Configuracion!$B$2)="ON",Configuracion!$B$4,"") -> follow+like+comenta=15% | K11: =IF(UPPER(Configuracion!$B$2)="ON",ROUND(C11*(1-Configuracion!$B$3),0),ROUND(C11,0)) -> 85
A12: 321 | B12: Termo 420 ml azul cielo | C12: 100 | E12: Termo de 420 ml en color azul cielo. | F12: Otros | G12: 5 | H12: =Configuracion!$B$2 -> ON | I12: =Configuracion!$B$3 -> 0.15 | J12: =IF(UPPER(Configuracion!$B$2)="ON",Configuracion!$B$4,"") -> follow+like+comenta=15% | K12: =IF(UPPER(Configuracion!$B$2)="ON",ROUND(C12*(1-Configuracion!$B$3),0),ROUND(C12,0)) -> 85
A13: 322 | B13: Taza termo 14 oz rosa roja | C13: 100 | E13: Taza termo de 14 oz con diseño rosa roja. | F13: Otros | G13: 8 | H13: =Configuracion!$B$2 -> ON | I13: =Configuracion!$B$3 -> 0.15 | J13: =IF(UPPER(Configuracion!$B$2)="ON",Configuracion!$B$4,"") -> follow+like+comenta=15% | K13: =IF(UPPER(Configuracion!$B$2)="ON",ROUND(C13*(1-Configuracion!$B$3),0),ROUND(C13,0)) -> 85
... A35: 344 | B35: Vaso Tea Princess negro 500 ml | C35: 100 | E35: Vaso de 500 ml en acero inoxidable 316, color negro. | F35: Otros | G35: 10 | H35: =Configuracion!$B$2 -> ON | I35: =Configuracion!$B$3 -> 0.15 | J35: =IF(UPPER(Configuracion!$B$2)="ON",Configuracion!$B$4,"") -> follow+like+comenta=15% | K35: =IF(UPPER(Configuracion!$B$2)="ON",ROUND(C35*(1-Configuracion!$B$3),0),ROUND(C35,0)) -> 85
